corruption,bin_mid,bin_acc,bin_conf,bin_count
gaussian_noise,0.0333,0.0106,0.0458,1037
gaussian_noise,0.1000,0.0115,0.0995,1823
gaussian_noise,0.1667,0.0270,0.1663,1480
gaussian_noise,0.2333,0.0273,0.2330,1318
gaussian_noise,0.3000,0.0222,0.2992,1173
gaussian_noise,0.3667,0.0168,0.3661,1192
gaussian_noise,0.4333,0.0209,0.4333,1148
gaussian_noise,0.5000,0.0162,0.5009,1358
gaussian_noise,0.5667,0.0241,0.5667,1409
gaussian_noise,0.6333,0.0157,0.6335,1277
gaussian_noise,0.7000,0.0080,0.6999,1369
gaussian_noise,0.7667,0.0155,0.7680,1546
gaussian_noise,0.8333,0.0076,0.8354,1839
gaussian_noise,0.9000,0.0087,0.9032,2762
gaussian_noise,0.9667,0.0028,0.9928,29269
shot_noise,0.0333,0.0132,0.0466,984
shot_noise,0.1000,0.0176,0.0995,1652
shot_noise,0.1667,0.0172,0.1666,1334
shot_noise,0.2333,0.0235,0.2324,1147
shot_noise,0.3000,0.0346,0.2987,1041
shot_noise,0.3667,0.0329,0.3667,1004
shot_noise,0.4333,0.0234,0.4336,982
shot_noise,0.5000,0.0231,0.5012,1127
shot_noise,0.5667,0.0199,0.5667,1154
shot_noise,0.6333,0.0203,0.6337,1085
shot_noise,0.7000,0.0155,0.6998,1099
shot_noise,0.7667,0.0120,0.7672,1170
shot_noise,0.8333,0.0123,0.8348,1381
shot_noise,0.9000,0.0095,0.9032,2201
shot_noise,0.9667,0.0021,0.9947,32639
impulse_noise,0.0333,0.0155,0.0468,970
impulse_noise,0.1000,0.0206,0.0996,1696
impulse_noise,0.1667,0.0158,0.1653,1454
impulse_noise,0.2333,0.0290,0.2335,1174
impulse_noise,0.3000,0.0238,0.2991,1050
impulse_noise,0.3667,0.0163,0.3658,984
impulse_noise,0.4333,0.0241,0.4334,997
impulse_noise,0.5000,0.0122,0.5020,1063
impulse_noise,0.5667,0.0126,0.5657,1110
impulse_noise,0.6333,0.0165,0.6336,1154
impulse_noise,0.7000,0.0141,0.7007,1138
impulse_noise,0.7667,0.0167,0.7680,1315
impulse_noise,0.8333,0.0068,0.8347,1621
impulse_noise,0.9000,0.0054,0.9025,2396
impulse_noise,0.9667,0.0026,0.9941,31878
defocus_blur,0.0333,0.0052,0.0490,577
defocus_blur,0.1000,0.0091,0.1001,1436
defocus_blur,0.1667,0.0081,0.1654,1354
defocus_blur,0.2333,0.0102,0.2317,1174
defocus_blur,0.3000,0.0136,0.2996,1103
defocus_blur,0.3667,0.0125,0.3666,963
defocus_blur,0.4333,0.0105,0.4324,953
defocus_blur,0.5000,0.0166,0.5023,1025
defocus_blur,0.5667,0.0126,0.5667,1031
defocus_blur,0.6333,0.0091,0.6328,987
defocus_blur,0.7000,0.0119,0.7002,922
defocus_blur,0.7667,0.0132,0.7665,1058
defocus_blur,0.8333,0.0136,0.8345,1327
defocus_blur,0.9000,0.0075,0.9027,1868
defocus_blur,0.9667,0.0027,0.9953,34222
glass_blur,0.0333,0.0091,0.0480,656
glass_blur,0.1000,0.0174,0.1006,1378
glass_blur,0.1667,0.0179,0.1666,1340
glass_blur,0.2333,0.0182,0.2330,1267
glass_blur,0.3000,0.0154,0.2991,1234
glass_blur,0.3667,0.0244,0.3657,1190
glass_blur,0.4333,0.0277,0.4344,1120
glass_blur,0.5000,0.0147,0.5013,1225
glass_blur,0.5667,0.0113,0.5667,1236
glass_blur,0.6333,0.0233,0.6332,1200
glass_blur,0.7000,0.0165,0.7006,1270
glass_blur,0.7667,0.0133,0.7670,1431
glass_blur,0.8333,0.0130,0.8350,1770
glass_blur,0.9000,0.0051,0.9026,2554
glass_blur,0.9667,0.0029,0.9936,31129
motion_blur,0.0333,0.0119,0.0498,419
motion_blur,0.1000,0.0156,0.1005,1023
motion_blur,0.1667,0.0153,0.1666,981
motion_blur,0.2333,0.0193,0.2324,983
motion_blur,0.3000,0.0171,0.2997,936
motion_blur,0.3667,0.0193,0.3652,934
motion_blur,0.4333,0.0122,0.4338,899
motion_blur,0.5000,0.0210,0.5012,906
motion_blur,0.5667,0.0163,0.5671,920
motion_blur,0.6333,0.0122,0.6330,902
motion_blur,0.7000,0.0175,0.7005,972
motion_blur,0.7667,0.0159,0.7676,1067
motion_blur,0.8333,0.0088,0.8356,1243
motion_blur,0.9000,0.0086,0.9039,1870
motion_blur,0.9667,0.0016,0.9958,35945
zoom_blur,0.0333,0.0229,0.0500,699
zoom_blur,0.1000,0.0269,0.1003,1897
zoom_blur,0.1667,0.0324,0.1662,1730
zoom_blur,0.2333,0.0356,0.2331,1715
zoom_blur,0.3000,0.0339,0.2997,1591
zoom_blur,0.3667,0.0252,0.3658,1388
zoom_blur,0.4333,0.0331,0.4338,1452
zoom_blur,0.5000,0.0367,0.5011,1444
zoom_blur,0.5667,0.0284,0.5660,1444
zoom_blur,0.6333,0.0430,0.6331,1419
zoom_blur,0.7000,0.0274,0.7002,1352
zoom_blur,0.7667,0.0276,0.7673,1376
zoom_blur,0.8333,0.0282,0.8337,1705
zoom_blur,0.9000,0.0200,0.9021,2350
zoom_blur,0.9667,0.0041,0.9938,28438
snow,0.0333,0.0253,0.0499,395
snow,0.1000,0.0265,0.0996,945
snow,0.1667,0.0309,0.1671,1003
snow,0.2333,0.0281,0.2332,996
snow,0.3000,0.0287,0.3000,942
snow,0.3667,0.0352,0.3656,937
snow,0.4333,0.0373,0.4334,912
snow,0.5000,0.0217,0.5012,1289
snow,0.5667,0.0252,0.5669,1232
snow,0.6333,0.0191,0.6334,1256
snow,0.7000,0.0192,0.7007,1304
snow,0.7667,0.0183,0.7679,1477
snow,0.8333,0.0203,0.8344,1820
snow,0.9000,0.0131,0.9031,2662
snow,0.9667,0.0030,0.9937,32830
frost,0.0333,0.0089,0.0485,450
frost,0.1000,0.0284,0.0990,915
frost,0.1667,0.0319,0.1667,784
frost,0.2333,0.0409,0.2323,783
frost,0.3000,0.0233,0.3002,644
frost,0.3667,0.0428,0.3664,631
frost,0.4333,0.0398,0.4332,679
frost,0.5000,0.0225,0.5025,755
frost,0.5667,0.0352,0.5666,823
frost,0.6333,0.0216,0.6336,832
frost,0.7000,0.0312,0.7006,864
frost,0.7667,0.0230,0.7672,956
frost,0.8333,0.0253,0.8345,1184
frost,0.9000,0.0191,0.9033,1781
frost,0.9667,0.0030,0.9960,37919
fog,0.0333,0.0225,0.0482,799
fog,0.1000,0.0325,0.1006,1905
fog,0.1667,0.0355,0.1662,1972
fog,0.2333,0.0316,0.2323,1801
fog,0.3000,0.0454,0.3000,1629
fog,0.3667,0.0405,0.3669,1507
fog,0.4333,0.0487,0.4325,1418
fog,0.5000,0.0422,0.4997,1589
fog,0.5667,0.0448,0.5662,1496
fog,0.6333,0.0371,0.6329,1403
fog,0.7000,0.0374,0.6997,1443
fog,0.7667,0.0508,0.7671,1613
fog,0.8333,0.0328,0.8354,1800
fog,0.9000,0.0340,0.9027,2527
fog,0.9667,0.0052,0.9929,27098
brightness,0.0333,0.0217,0.0499,506
brightness,0.1000,0.0409,0.1013,1638
brightness,0.1667,0.0436,0.1661,1814
brightness,0.2333,0.0428,0.2325,1682
brightness,0.3000,0.0437,0.2990,1532
brightness,0.3667,0.0686,0.3663,1530
brightness,0.4333,0.0679,0.4338,1400
brightness,0.5000,0.0662,0.4999,1496
brightness,0.5667,0.0594,0.5666,1381
brightness,0.6333,0.0553,0.6333,1392
brightness,0.7000,0.0539,0.7000,1392
brightness,0.7667,0.0609,0.7665,1462
brightness,0.8333,0.0548,0.8350,1605
brightness,0.9000,0.0456,0.9034,2349
brightness,0.9667,0.0085,0.9938,28821
contrast,0.0333,0.0053,0.0504,188
contrast,0.1000,0.0038,0.1012,533
contrast,0.1667,0.0130,0.1659,537
contrast,0.2333,0.0102,0.2327,490
contrast,0.3000,0.0059,0.3000,505
contrast,0.3667,0.0182,0.3674,548
contrast,0.4333,0.0102,0.4352,591
contrast,0.5000,0.0085,0.5027,824
contrast,0.5667,0.0078,0.5677,896
contrast,0.6333,0.0067,0.6340,895
contrast,0.7000,0.0083,0.7005,968
contrast,0.7667,0.0069,0.7681,1152
contrast,0.8333,0.0054,0.8349,1490
contrast,0.9000,0.0044,0.9031,2252
contrast,0.9667,0.0022,0.9947,38131
elastic_transform,0.0333,0.0269,0.0496,670
elastic_transform,0.1000,0.0351,0.1018,1597
elastic_transform,0.1667,0.0368,0.1672,1632
elastic_transform,0.2333,0.0370,0.2335,1569
elastic_transform,0.3000,0.0418,0.2992,1485
elastic_transform,0.3667,0.0432,0.3672,1366
elastic_transform,0.4333,0.0420,0.4330,1333
elastic_transform,0.5000,0.0384,0.5022,1536
elastic_transform,0.5667,0.0362,0.5660,1600
elastic_transform,0.6333,0.0353,0.6325,1529
elastic_transform,0.7000,0.0405,0.7002,1407
elastic_transform,0.7667,0.0412,0.7681,1555
elastic_transform,0.8333,0.0356,0.8340,1938
elastic_transform,0.9000,0.0254,0.9031,2602
elastic_transform,0.9667,0.0044,0.9927,28181
pixelate,0.0333,0.0194,0.0497,568
pixelate,0.1000,0.0321,0.1001,1649
pixelate,0.1667,0.0290,0.1664,1518
pixelate,0.2333,0.0273,0.2317,1284
pixelate,0.3000,0.0314,0.2991,1113
pixelate,0.3667,0.0391,0.3660,1049
pixelate,0.4333,0.0437,0.4334,1007
pixelate,0.5000,0.0189,0.5001,1007
pixelate,0.5667,0.0304,0.5663,1019
pixelate,0.6333,0.0283,0.6329,1024
pixelate,0.7000,0.0242,0.6998,1034
pixelate,0.7667,0.0238,0.7669,1093
pixelate,0.8333,0.0225,0.8347,1335
pixelate,0.9000,0.0186,0.9037,1878
pixelate,0.9667,0.0036,0.9954,33422
jpeg_compression,0.0333,0.0225,0.0487,757
jpeg_compression,0.1000,0.0209,0.0999,1725
jpeg_compression,0.1667,0.0245,0.1650,1551
jpeg_compression,0.2333,0.0390,0.2317,1333
jpeg_compression,0.3000,0.0333,0.3003,1200
jpeg_compression,0.3667,0.0398,0.3666,1132
jpeg_compression,0.4333,0.0310,0.4331,1097
jpeg_compression,0.5000,0.0259,0.5014,1274
jpeg_compression,0.5667,0.0290,0.5663,1242
jpeg_compression,0.6333,0.0280,0.6332,1284
jpeg_compression,0.7000,0.0297,0.6994,1312
jpeg_compression,0.7667,0.0227,0.7682,1407
jpeg_compression,0.8333,0.0207,0.8342,1690
jpeg_compression,0.9000,0.0196,0.9034,2505
jpeg_compression,0.9667,0.0032,0.9934,30491
